"name","position"
"Alex Vernot",-0.300921387631117
"Francisco Santos",-3.29809517015881
"Ricardo Arias",-0.0746032364918633
"Daniel Raisbeck",-3.51782628766829
"Rafael Pardo",3.23922007400629
"Clara López",1.65468206439207
"Enrique Peñalosa",-0.263917077254768
"María Mercedes Maldonado",5.05960288185822
"Carlos",-0.548315026135361
"Los otros",-0.974913417458188
